8.573809e+01	0.000000e+00	0.000000e+00	0.000000e+00
8.755816e+01	0.000000e+00	0.000000e+00	0.000000e+00
1.102456e+02	0.000000e+00	0.000000e+00	0.000000e+00
8.886518e+01	0.000000e+00	0.000000e+00	0.000000e+00
1.203775e+02	0.000000e+00	0.000000e+00	0.000000e+00
1.174368e+02	0.000000e+00	0.000000e+00	0.000000e+00
1.099860e+02	0.000000e+00	0.000000e+00	0.000000e+00
1.051575e+02	0.000000e+00	0.000000e+00	0.000000e+00
1.033480e+02	0.000000e+00	0.000000e+00	0.000000e+00
1.034920e+02	0.000000e+00	0.000000e+00	0.000000e+00
7.785551e+01	0.000000e+00	0.000000e+00	0.000000e+00
1.044415e+02	0.000000e+00	0.000000e+00	0.000000e+00
1.066558e+02	0.000000e+00	0.000000e+00	0.000000e+00
1.185159e+02	0.000000e+00	0.000000e+00	0.000000e+00
1.023076e+02	0.000000e+00	0.000000e+00	0.000000e+00
1.062323e+02	0.000000e+00	0.000000e+00	0.000000e+00
1.025421e+02	0.000000e+00	0.000000e+00	0.000000e+00
9.975292e+01	0.000000e+00	0.000000e+00	0.000000e+00
1.126872e+02	0.000000e+00	0.000000e+00	0.000000e+00
6.823245e+01	0.000000e+00	0.000000e+00	0.000000e+00
8.589562e+01	0.000000e+00	0.000000e+00	0.000000e+00
9.219606e+01	0.000000e+00	0.000000e+00	0.000000e+00
7.488784e+01	0.000000e+00	0.000000e+00	0.000000e+00
9.084896e+01	0.000000e+00	0.000000e+00	0.000000e+00
1.007744e+02	0.000000e+00	0.000000e+00	0.000000e+00
9.511599e+01	0.000000e+00	0.000000e+00	0.000000e+00
8.584865e+01	0.000000e+00	0.000000e+00	0.000000e+00
1.199991e+02	0.000000e+00	0.000000e+00	0.000000e+00
1.288612e+02	0.000000e+00	0.000000e+00	0.000000e+00
1.071877e+02	0.000000e+00	0.000000e+00	0.000000e+00
9.528890e+01	0.000000e+00	0.000000e+00	0.000000e+00
1.079691e+02	0.000000e+00	0.000000e+00	0.000000e+00
7.822182e+01	0.000000e+00	0.000000e+00	0.000000e+00
1.200567e+02	0.000000e+00	0.000000e+00	0.000000e+00
1.105112e+02	0.000000e+00	0.000000e+00	0.000000e+00
1.124966e+02	0.000000e+00	0.000000e+00	0.000000e+00
6.436852e+01	0.000000e+00	0.000000e+00	0.000000e+00
1.013866e+02	0.000000e+00	0.000000e+00	0.000000e+00
1.202217e+02	0.000000e+00	0.000000e+00	0.000000e+00
1.128172e+02	0.000000e+00	0.000000e+00	0.000000e+00
7.816848e+01	0.000000e+00	0.000000e+00	0.000000e+00
1.208824e+02	0.000000e+00	0.000000e+00	0.000000e+00
1.001401e+02	0.000000e+00	0.000000e+00	0.000000e+00
7.085897e+01	0.000000e+00	0.000000e+00	0.000000e+00
9.438922e+01	0.000000e+00	0.000000e+00	0.000000e+00
8.149176e+01	0.000000e+00	0.000000e+00	0.000000e+00
5.982658e+01	0.000000e+00	0.000000e+00	0.000000e+00
8.912556e+01	0.000000e+00	0.000000e+00	0.000000e+00
8.539973e+01	0.000000e+00	0.000000e+00	0.000000e+00
9.362919e+01	0.000000e+00	0.000000e+00	0.000000e+00
8.841901e+01	0.000000e+00	0.000000e+00	0.000000e+00
1.137692e+02	0.000000e+00	0.000000e+00	0.000000e+00
1.310756e+02	0.000000e+00	0.000000e+00	0.000000e+00
1.112511e+02	0.000000e+00	0.000000e+00	0.000000e+00
9.833772e+01	0.000000e+00	0.000000e+00	0.000000e+00
9.280236e+01	0.000000e+00	0.000000e+00	0.000000e+00
8.881756e+01	0.000000e+00	0.000000e+00	0.000000e+00
8.849370e+01	0.000000e+00	0.000000e+00	0.000000e+00
9.873184e+01	0.000000e+00	0.000000e+00	0.000000e+00
1.088339e+02	0.000000e+00	0.000000e+00	0.000000e+00
8.285424e+01	0.000000e+00	0.000000e+00	0.000000e+00
9.513221e+01	0.000000e+00	0.000000e+00	0.000000e+00
1.042075e+02	0.000000e+00	0.000000e+00	0.000000e+00
8.893303e+01	0.000000e+00	0.000000e+00	0.000000e+00
9.453918e+01	0.000000e+00	0.000000e+00	0.000000e+00
9.065205e+01	0.000000e+00	0.000000e+00	0.000000e+00
1.065244e+02	0.000000e+00	0.000000e+00	0.000000e+00
8.095040e+01	0.000000e+00	0.000000e+00	0.000000e+00
9.246386e+01	0.000000e+00	0.000000e+00	0.000000e+00
9.694190e+01	0.000000e+00	0.000000e+00	0.000000e+00
1.056154e+02	0.000000e+00	0.000000e+00	0.000000e+00
9.076918e+01	0.000000e+00	0.000000e+00	0.000000e+00
9.990009e+01	0.000000e+00	0.000000e+00	0.000000e+00
8.553716e+01	0.000000e+00	0.000000e+00	0.000000e+00
9.714740e+01	0.000000e+00	0.000000e+00	0.000000e+00
9.386574e+01	0.000000e+00	0.000000e+00	0.000000e+00
1.149565e+02	0.000000e+00	0.000000e+00	0.000000e+00
9.871565e+01	0.000000e+00	0.000000e+00	0.000000e+00
8.939834e+01	0.000000e+00	0.000000e+00	0.000000e+00
8.054853e+01	0.000000e+00	0.000000e+00	0.000000e+00
7.995907e+01	0.000000e+00	0.000000e+00	0.000000e+00
9.352516e+01	0.000000e+00	0.000000e+00	0.000000e+00
1.217664e+02	0.000000e+00	0.000000e+00	0.000000e+00
1.293630e+02	0.000000e+00	0.000000e+00	0.000000e+00
1.262843e+02	0.000000e+00	0.000000e+00	0.000000e+00
9.754137e+01	0.000000e+00	0.000000e+00	0.000000e+00
1.235918e+02	0.000000e+00	0.000000e+00	0.000000e+00
1.153554e+02	0.000000e+00	0.000000e+00	0.000000e+00
1.040718e+02	0.000000e+00	0.000000e+00	0.000000e+00
6.760922e+01	0.000000e+00	0.000000e+00	0.000000e+00
1.210404e+02	0.000000e+00	0.000000e+00	0.000000e+00
1.195532e+02	0.000000e+00	0.000000e+00	0.000000e+00
8.981854e+01	0.000000e+00	0.000000e+00	0.000000e+00
9.720916e+01	0.000000e+00	0.000000e+00	0.000000e+00
1.462345e+02	0.000000e+00	0.000000e+00	0.000000e+00
1.006224e+02	0.000000e+00	0.000000e+00	0.000000e+00
6.531840e+01	0.000000e+00	0.000000e+00	0.000000e+00
9.620595e+01	0.000000e+00	0.000000e+00	0.000000e+00
8.634755e+01	0.000000e+00	0.000000e+00	0.000000e+00
1.230479e+02	0.000000e+00	0.000000e+00	0.000000e+00
9.267584e+01	0.000000e+00	0.000000e+00	0.000000e+00
7.454726e+01	0.000000e+00	0.000000e+00	0.000000e+00
9.431846e+01	0.000000e+00	0.000000e+00	0.000000e+00
1.037743e+02	0.000000e+00	0.000000e+00	0.000000e+00
9.696522e+01	0.000000e+00	0.000000e+00	0.000000e+00
7.659760e+01	0.000000e+00	0.000000e+00	0.000000e+00
7.918915e+01	0.000000e+00	0.000000e+00	0.000000e+00
6.759590e+01	0.000000e+00	0.000000e+00	0.000000e+00
8.854869e+01	0.000000e+00	0.000000e+00	0.000000e+00
1.042694e+02	0.000000e+00	0.000000e+00	0.000000e+00
1.386431e+02	0.000000e+00	0.000000e+00	0.000000e+00
9.305655e+01	0.000000e+00	0.000000e+00	0.000000e+00
9.067282e+01	0.000000e+00	0.000000e+00	0.000000e+00
9.509619e+01	0.000000e+00	0.000000e+00	0.000000e+00
1.072643e+02	0.000000e+00	0.000000e+00	0.000000e+00
8.338288e+01	0.000000e+00	0.000000e+00	0.000000e+00
9.896958e+01	0.000000e+00	0.000000e+00	0.000000e+00
7.525141e+01	0.000000e+00	0.000000e+00	0.000000e+00
9.908148e+01	0.000000e+00	0.000000e+00	0.000000e+00
1.174324e+02	0.000000e+00	0.000000e+00	0.000000e+00
1.121098e+02	0.000000e+00	0.000000e+00	0.000000e+00
9.829795e+01	0.000000e+00	0.000000e+00	0.000000e+00
1.147425e+02	0.000000e+00	0.000000e+00	0.000000e+00
8.896755e+01	0.000000e+00	0.000000e+00	0.000000e+00
4.625849e+01	0.000000e+00	0.000000e+00	0.000000e+00
1.088246e+02	0.000000e+00	0.000000e+00	0.000000e+00
9.043445e+01	0.000000e+00	0.000000e+00	0.000000e+00
1.007706e+02	0.000000e+00	0.000000e+00	0.000000e+00
1.180059e+02	0.000000e+00	0.000000e+00	0.000000e+00
8.904009e+01	0.000000e+00	0.000000e+00	0.000000e+00
9.680300e+01	0.000000e+00	0.000000e+00	0.000000e+00
1.018680e+02	0.000000e+00	0.000000e+00	0.000000e+00
1.237265e+02	0.000000e+00	0.000000e+00	0.000000e+00
1.113504e+02	0.000000e+00	0.000000e+00	0.000000e+00
8.601110e+01	0.000000e+00	0.000000e+00	0.000000e+00
1.244579e+02	0.000000e+00	0.000000e+00	0.000000e+00
9.032617e+01	0.000000e+00	0.000000e+00	0.000000e+00
8.141479e+01	0.000000e+00	0.000000e+00	0.000000e+00
1.180895e+02	0.000000e+00	0.000000e+00	0.000000e+00
8.311816e+01	0.000000e+00	0.000000e+00	0.000000e+00
1.275903e+02	0.000000e+00	0.000000e+00	0.000000e+00
8.709485e+01	0.000000e+00	0.000000e+00	0.000000e+00
1.179838e+02	0.000000e+00	0.000000e+00	0.000000e+00
1.080713e+02	0.000000e+00	0.000000e+00	0.000000e+00
1.249839e+02	0.000000e+00	0.000000e+00	0.000000e+00
1.001661e+02	0.000000e+00	0.000000e+00	0.000000e+00
1.080813e+02	0.000000e+00	0.000000e+00	0.000000e+00
6.897836e+01	0.000000e+00	0.000000e+00	0.000000e+00
9.364337e+01	0.000000e+00	0.000000e+00	0.000000e+00
1.175683e+02	0.000000e+00	0.000000e+00	0.000000e+00
8.508546e+01	0.000000e+00	0.000000e+00	0.000000e+00
8.666338e+01	0.000000e+00	0.000000e+00	0.000000e+00
9.434833e+01	0.000000e+00	0.000000e+00	0.000000e+00
1.010690e+02	0.000000e+00	0.000000e+00	0.000000e+00
8.169736e+01	0.000000e+00	0.000000e+00	0.000000e+00
7.503792e+01	0.000000e+00	0.000000e+00	0.000000e+00
9.588514e+01	0.000000e+00	0.000000e+00	0.000000e+00
8.645719e+01	0.000000e+00	0.000000e+00	0.000000e+00
1.050689e+02	0.000000e+00	0.000000e+00	0.000000e+00
1.236356e+02	0.000000e+00	0.000000e+00	0.000000e+00
9.977897e+01	0.000000e+00	0.000000e+00	0.000000e+00
1.020801e+02	0.000000e+00	0.000000e+00	0.000000e+00
1.194847e+02	0.000000e+00	0.000000e+00	0.000000e+00
8.795946e+01	0.000000e+00	0.000000e+00	0.000000e+00
5.567391e+01	0.000000e+00	0.000000e+00	0.000000e+00
1.201860e+02	0.000000e+00	0.000000e+00	0.000000e+00
5.554959e+01	0.000000e+00	0.000000e+00	0.000000e+00
1.077755e+02	0.000000e+00	0.000000e+00	0.000000e+00
8.855939e+01	0.000000e+00	0.000000e+00	0.000000e+00
1.324980e+02	0.000000e+00	0.000000e+00	0.000000e+00
8.977976e+01	0.000000e+00	0.000000e+00	0.000000e+00
9.948043e+01	0.000000e+00	0.000000e+00	0.000000e+00
9.725059e+01	0.000000e+00	0.000000e+00	0.000000e+00
9.140666e+01	0.000000e+00	0.000000e+00	0.000000e+00
7.853341e+01	0.000000e+00	0.000000e+00	0.000000e+00
7.866507e+01	0.000000e+00	0.000000e+00	0.000000e+00
8.796370e+01	0.000000e+00	0.000000e+00	0.000000e+00
9.728126e+01	0.000000e+00	0.000000e+00	0.000000e+00
1.231199e+02	0.000000e+00	0.000000e+00	0.000000e+00
1.284658e+02	0.000000e+00	0.000000e+00	0.000000e+00
8.697193e+01	0.000000e+00	0.000000e+00	0.000000e+00
1.120132e+02	0.000000e+00	0.000000e+00	0.000000e+00
9.725025e+01	0.000000e+00	0.000000e+00	0.000000e+00
1.109631e+02	0.000000e+00	0.000000e+00	0.000000e+00
1.114635e+02	0.000000e+00	0.000000e+00	0.000000e+00
9.033051e+01	0.000000e+00	0.000000e+00	0.000000e+00
1.038324e+02	0.000000e+00	0.000000e+00	0.000000e+00
8.178860e+01	0.000000e+00	0.000000e+00	0.000000e+00
9.248469e+01	0.000000e+00	0.000000e+00	0.000000e+00
1.107902e+02	0.000000e+00	0.000000e+00	0.000000e+00
1.317313e+02	0.000000e+00	0.000000e+00	0.000000e+00
9.249721e+01	0.000000e+00	0.000000e+00	0.000000e+00
1.065551e+02	0.000000e+00	0.000000e+00	0.000000e+00
1.182154e+02	0.000000e+00	0.000000e+00	0.000000e+00
9.415592e+01	0.000000e+00	0.000000e+00	0.000000e+00
9.059823e+01	0.000000e+00	0.000000e+00	0.000000e+00
8.788708e+01	0.000000e+00	0.000000e+00	0.000000e+00
9.007026e+01	0.000000e+00	0.000000e+00	0.000000e+00
7.909140e+01	0.000000e+00	0.000000e+00	0.000000e+00
1.260743e+02	0.000000e+00	0.000000e+00	0.000000e+00
1.125271e+02	0.000000e+00	0.000000e+00	0.000000e+00
9.453680e+01	0.000000e+00	0.000000e+00	0.000000e+00
1.013476e+02	0.000000e+00	0.000000e+00	0.000000e+00
8.821101e+01	0.000000e+00	0.000000e+00	0.000000e+00
1.334721e+02	0.000000e+00	0.000000e+00	0.000000e+00
1.131629e+02	0.000000e+00	0.000000e+00	0.000000e+00
1.223831e+02	0.000000e+00	0.000000e+00	0.000000e+00
1.298121e+02	0.000000e+00	0.000000e+00	0.000000e+00
8.717198e+01	0.000000e+00	0.000000e+00	0.000000e+00
8.809550e+01	0.000000e+00	0.000000e+00	0.000000e+00
1.187255e+02	0.000000e+00	0.000000e+00	0.000000e+00
1.127085e+02	0.000000e+00	0.000000e+00	0.000000e+00
9.910201e+01	0.000000e+00	0.000000e+00	0.000000e+00
1.045690e+02	0.000000e+00	0.000000e+00	0.000000e+00
1.167001e+02	0.000000e+00	0.000000e+00	0.000000e+00
1.034764e+02	0.000000e+00	0.000000e+00	0.000000e+00
1.083509e+02	0.000000e+00	0.000000e+00	0.000000e+00
8.844849e+01	0.000000e+00	0.000000e+00	0.000000e+00
1.067894e+02	0.000000e+00	0.000000e+00	0.000000e+00
1.174670e+02	0.000000e+00	0.000000e+00	0.000000e+00
9.859946e+01	0.000000e+00	0.000000e+00	0.000000e+00
9.659188e+01	0.000000e+00	0.000000e+00	0.000000e+00
7.539202e+01	0.000000e+00	0.000000e+00	0.000000e+00
1.091372e+02	0.000000e+00	0.000000e+00	0.000000e+00
1.103450e+02	0.000000e+00	0.000000e+00	0.000000e+00
1.183037e+02	0.000000e+00	0.000000e+00	0.000000e+00
1.097523e+02	0.000000e+00	0.000000e+00	0.000000e+00
1.164613e+02	0.000000e+00	0.000000e+00	0.000000e+00
9.001745e+01	0.000000e+00	0.000000e+00	0.000000e+00
9.906708e+01	0.000000e+00	0.000000e+00	0.000000e+00
1.115538e+02	0.000000e+00	0.000000e+00	0.000000e+00
9.793840e+01	0.000000e+00	0.000000e+00	0.000000e+00
1.073342e+02	0.000000e+00	0.000000e+00	0.000000e+00
9.647655e+01	0.000000e+00	0.000000e+00	0.000000e+00
1.103461e+02	0.000000e+00	0.000000e+00	0.000000e+00
1.072751e+02	0.000000e+00	0.000000e+00	0.000000e+00
1.373603e+02	0.000000e+00	0.000000e+00	0.000000e+00
9.786624e+01	0.000000e+00	0.000000e+00	0.000000e+00
1.153804e+02	0.000000e+00	0.000000e+00	0.000000e+00
8.412994e+01	0.000000e+00	0.000000e+00	0.000000e+00
1.151730e+02	0.000000e+00	0.000000e+00	0.000000e+00
9.149335e+01	0.000000e+00	0.000000e+00	0.000000e+00
1.092419e+02	0.000000e+00	0.000000e+00	0.000000e+00
9.531108e+01	0.000000e+00	0.000000e+00	0.000000e+00
1.067340e+02	0.000000e+00	0.000000e+00	0.000000e+00
8.133954e+01	0.000000e+00	0.000000e+00	0.000000e+00
1.229757e+02	0.000000e+00	0.000000e+00	0.000000e+00
9.022868e+01	0.000000e+00	0.000000e+00	0.000000e+00
9.843884e+01	0.000000e+00	0.000000e+00	0.000000e+00
8.725646e+01	0.000000e+00	0.000000e+00	0.000000e+00
1.331000e+02	0.000000e+00	0.000000e+00	0.000000e+00
1.046620e+02	0.000000e+00	0.000000e+00	0.000000e+00
9.542584e+01	0.000000e+00	0.000000e+00	0.000000e+00
8.844590e+01	0.000000e+00	0.000000e+00	0.000000e+00
1.188103e+02	0.000000e+00	0.000000e+00	0.000000e+00
1.187250e+02	0.000000e+00	0.000000e+00	0.000000e+00
1.090404e+02	0.000000e+00	0.000000e+00	0.000000e+00
1.063508e+02	0.000000e+00	0.000000e+00	0.000000e+00
7.726932e+01	0.000000e+00	0.000000e+00	0.000000e+00
1.105085e+02	0.000000e+00	0.000000e+00	0.000000e+00
9.682421e+01	0.000000e+00	0.000000e+00	0.000000e+00
1.028682e+02	0.000000e+00	0.000000e+00	0.000000e+00
1.132807e+02	0.000000e+00	0.000000e+00	0.000000e+00
1.174738e+02	0.000000e+00	0.000000e+00	0.000000e+00
1.009588e+02	0.000000e+00	0.000000e+00	0.000000e+00
7.320751e+01	0.000000e+00	0.000000e+00	0.000000e+00
7.687016e+01	0.000000e+00	0.000000e+00	0.000000e+00
9.826290e+01	0.000000e+00	0.000000e+00	0.000000e+00
1.341908e+02	0.000000e+00	0.000000e+00	0.000000e+00
7.408354e+01	0.000000e+00	0.000000e+00	0.000000e+00
8.971901e+01	0.000000e+00	0.000000e+00	0.000000e+00
1.145503e+02	0.000000e+00	0.000000e+00	0.000000e+00
7.140061e+01	0.000000e+00	0.000000e+00	0.000000e+00
9.861408e+01	0.000000e+00	0.000000e+00	0.000000e+00
1.026704e+02	0.000000e+00	0.000000e+00	0.000000e+00
7.582018e+01	0.000000e+00	0.000000e+00	0.000000e+00
9.976104e+01	0.000000e+00	0.000000e+00	0.000000e+00
9.952615e+01	0.000000e+00	0.000000e+00	0.000000e+00
9.140643e+01	0.000000e+00	0.000000e+00	0.000000e+00
9.809141e+01	0.000000e+00	0.000000e+00	0.000000e+00
8.609654e+01	0.000000e+00	0.000000e+00	0.000000e+00
7.331065e+01	0.000000e+00	0.000000e+00	0.000000e+00
9.094850e+01	0.000000e+00	0.000000e+00	0.000000e+00
9.773405e+01	0.000000e+00	0.000000e+00	0.000000e+00
1.050805e+02	0.000000e+00	0.000000e+00	0.000000e+00
1.044133e+02	0.000000e+00	0.000000e+00	0.000000e+00
1.493357e+02	0.000000e+00	0.000000e+00	0.000000e+00
1.325011e+02	0.000000e+00	0.000000e+00	0.000000e+00
1.167837e+02	0.000000e+00	0.000000e+00	0.000000e+00
9.036232e+01	0.000000e+00	0.000000e+00	0.000000e+00
1.173045e+02	0.000000e+00	0.000000e+00	0.000000e+00
9.381486e+01	0.000000e+00	0.000000e+00	0.000000e+00
7.741958e+01	0.000000e+00	0.000000e+00	0.000000e+00
6.975239e+01	0.000000e+00	0.000000e+00	0.000000e+00
9.141798e+01	0.000000e+00	0.000000e+00	0.000000e+00
1.150491e+02	0.000000e+00	0.000000e+00	0.000000e+00
1.004287e+02	0.000000e+00	0.000000e+00	0.000000e+00
1.214538e+02	0.000000e+00	0.000000e+00	0.000000e+00
9.053286e+01	0.000000e+00	0.000000e+00	0.000000e+00
9.483712e+01	0.000000e+00	0.000000e+00	0.000000e+00
1.024491e+02	0.000000e+00	0.000000e+00	0.000000e+00
9.475102e+01	0.000000e+00	0.000000e+00	0.000000e+00
8.539859e+01	0.000000e+00	0.000000e+00	0.000000e+00
9.296679e+01	0.000000e+00	0.000000e+00	0.000000e+00
9.847200e+01	0.000000e+00	0.000000e+00	0.000000e+00
8.080601e+01	0.000000e+00	0.000000e+00	0.000000e+00
8.602146e+01	0.000000e+00	0.000000e+00	0.000000e+00
1.022686e+02	0.000000e+00	0.000000e+00	0.000000e+00
1.070776e+02	0.000000e+00	0.000000e+00	0.000000e+00
1.075240e+02	0.000000e+00	0.000000e+00	0.000000e+00
8.163224e+01	0.000000e+00	0.000000e+00	0.000000e+00
1.149386e+02	0.000000e+00	0.000000e+00	0.000000e+00
6.487085e+01	0.000000e+00	0.000000e+00	0.000000e+00
1.073181e+02	0.000000e+00	0.000000e+00	0.000000e+00
1.093607e+02	0.000000e+00	0.000000e+00	0.000000e+00
1.033222e+02	0.000000e+00	0.000000e+00	0.000000e+00
1.117068e+02	0.000000e+00	0.000000e+00	0.000000e+00
9.648957e+01	0.000000e+00	0.000000e+00	0.000000e+00
9.995628e+01	0.000000e+00	0.000000e+00	0.000000e+00
9.669670e+01	0.000000e+00	0.000000e+00	0.000000e+00
9.343414e+01	0.000000e+00	0.000000e+00	0.000000e+00
9.578367e+01	0.000000e+00	0.000000e+00	0.000000e+00
9.167731e+01	0.000000e+00	0.000000e+00	0.000000e+00
1.069467e+02	0.000000e+00	0.000000e+00	0.000000e+00
1.300434e+02	0.000000e+00	0.000000e+00	0.000000e+00
8.554988e+01	0.000000e+00	0.000000e+00	0.000000e+00
8.258797e+01	0.000000e+00	0.000000e+00	0.000000e+00
7.960232e+01	0.000000e+00	0.000000e+00	0.000000e+00
8.929197e+01	0.000000e+00	0.000000e+00	0.000000e+00
1.238060e+02	0.000000e+00	0.000000e+00	0.000000e+00
1.100418e+02	0.000000e+00	0.000000e+00	0.000000e+00
1.051501e+02	0.000000e+00	0.000000e+00	0.000000e+00
6.544123e+01	0.000000e+00	0.000000e+00	0.000000e+00
8.797681e+01	0.000000e+00	0.000000e+00	0.000000e+00
1.057071e+02	0.000000e+00	0.000000e+00	0.000000e+00
1.029484e+02	0.000000e+00	0.000000e+00	0.000000e+00
1.039724e+02	0.000000e+00	0.000000e+00	0.000000e+00
1.185250e+02	0.000000e+00	0.000000e+00	0.000000e+00
1.113533e+02	0.000000e+00	0.000000e+00	0.000000e+00
1.147409e+02	0.000000e+00	0.000000e+00	0.000000e+00
1.038546e+02	0.000000e+00	0.000000e+00	0.000000e+00
1.147484e+02	0.000000e+00	0.000000e+00	0.000000e+00
9.571734e+01	0.000000e+00	0.000000e+00	0.000000e+00
8.907662e+01	0.000000e+00	0.000000e+00	0.000000e+00
1.152937e+02	0.000000e+00	0.000000e+00	0.000000e+00
1.211748e+02	0.000000e+00	0.000000e+00	0.000000e+00
1.181463e+02	0.000000e+00	0.000000e+00	0.000000e+00
8.397873e+01	0.000000e+00	0.000000e+00	0.000000e+00
9.041521e+01	0.000000e+00	0.000000e+00	0.000000e+00
1.004493e+02	0.000000e+00	0.000000e+00	0.000000e+00
1.007865e+02	0.000000e+00	0.000000e+00	0.000000e+00
7.721020e+01	0.000000e+00	0.000000e+00	0.000000e+00
9.200055e+01	0.000000e+00	0.000000e+00	0.000000e+00
7.414915e+01	0.000000e+00	0.000000e+00	0.000000e+00
1.307627e+02	0.000000e+00	0.000000e+00	0.000000e+00
1.152413e+02	0.000000e+00	0.000000e+00	0.000000e+00
1.126410e+02	0.000000e+00	0.000000e+00	0.000000e+00
1.139577e+02	0.000000e+00	0.000000e+00	0.000000e+00
9.425577e+01	0.000000e+00	0.000000e+00	0.000000e+00
7.042834e+01	0.000000e+00	0.000000e+00	0.000000e+00
1.303553e+02	0.000000e+00	0.000000e+00	0.000000e+00
1.135476e+02	0.000000e+00	0.000000e+00	0.000000e+00
9.965999e+01	0.000000e+00	0.000000e+00	0.000000e+00
7.144674e+01	0.000000e+00	0.000000e+00	0.000000e+00
1.061395e+02	0.000000e+00	0.000000e+00	0.000000e+00
9.540775e+01	0.000000e+00	0.000000e+00	0.000000e+00
9.983828e+01	0.000000e+00	0.000000e+00	0.000000e+00
1.111520e+02	0.000000e+00	0.000000e+00	0.000000e+00
9.267509e+01	0.000000e+00	0.000000e+00	0.000000e+00
9.803618e+01	0.000000e+00	0.000000e+00	0.000000e+00
6.423924e+01	0.000000e+00	0.000000e+00	0.000000e+00
1.153670e+02	0.000000e+00	0.000000e+00	0.000000e+00
9.249108e+01	0.000000e+00	0.000000e+00	0.000000e+00
1.107550e+02	0.000000e+00	0.000000e+00	0.000000e+00
8.130782e+01	0.000000e+00	0.000000e+00	0.000000e+00
8.582777e+01	0.000000e+00	0.000000e+00	0.000000e+00
6.455915e+01	0.000000e+00	0.000000e+00	0.000000e+00
1.156581e+02	0.000000e+00	0.000000e+00	0.000000e+00
8.249480e+01	0.000000e+00	0.000000e+00	0.000000e+00
1.216731e+02	0.000000e+00	0.000000e+00	0.000000e+00
1.050697e+02	0.000000e+00	0.000000e+00	0.000000e+00
1.133144e+02	0.000000e+00	0.000000e+00	0.000000e+00
8.892289e+01	0.000000e+00	0.000000e+00	0.000000e+00
1.025159e+02	0.000000e+00	0.000000e+00	0.000000e+00
1.006220e+02	0.000000e+00	0.000000e+00	0.000000e+00
1.009504e+02	0.000000e+00	0.000000e+00	0.000000e+00
1.065197e+02	0.000000e+00	0.000000e+00	0.000000e+00
9.670285e+01	0.000000e+00	0.000000e+00	0.000000e+00
1.105899e+02	0.000000e+00	0.000000e+00	0.000000e+00
1.400029e+02	0.000000e+00	0.000000e+00	0.000000e+00
8.958020e+01	0.000000e+00	0.000000e+00	0.000000e+00
8.640972e+01	0.000000e+00	0.000000e+00	0.000000e+00
8.828608e+01	0.000000e+00	0.000000e+00	0.000000e+00
9.201446e+01	0.000000e+00	0.000000e+00	0.000000e+00
1.011303e+02	0.000000e+00	0.000000e+00	0.000000e+00
9.959861e+01	0.000000e+00	0.000000e+00	0.000000e+00
9.909870e+01	0.000000e+00	0.000000e+00	0.000000e+00
9.722528e+01	0.000000e+00	0.000000e+00	0.000000e+00
1.065199e+02	0.000000e+00	0.000000e+00	0.000000e+00
1.044808e+02	0.000000e+00	0.000000e+00	0.000000e+00
8.847776e+01	0.000000e+00	0.000000e+00	0.000000e+00
8.832107e+01	0.000000e+00	0.000000e+00	0.000000e+00
1.146295e+02	0.000000e+00	0.000000e+00	0.000000e+00
9.910206e+01	0.000000e+00	0.000000e+00	0.000000e+00
7.903000e+01	0.000000e+00	0.000000e+00	0.000000e+00
9.737153e+01	0.000000e+00	0.000000e+00	0.000000e+00
1.039161e+02	0.000000e+00	0.000000e+00	0.000000e+00
9.496977e+01	0.000000e+00	0.000000e+00	0.000000e+00
9.611315e+01	0.000000e+00	0.000000e+00	0.000000e+00
8.636378e+01	0.000000e+00	0.000000e+00	0.000000e+00
1.152935e+02	0.000000e+00	0.000000e+00	0.000000e+00
9.835768e+01	0.000000e+00	0.000000e+00	0.000000e+00
1.424662e+02	0.000000e+00	0.000000e+00	0.000000e+00
9.430989e+01	0.000000e+00	0.000000e+00	0.000000e+00
9.177620e+01	0.000000e+00	0.000000e+00	0.000000e+00
1.110873e+02	0.000000e+00	0.000000e+00	0.000000e+00
8.813398e+01	0.000000e+00	0.000000e+00	0.000000e+00
1.139404e+02	0.000000e+00	0.000000e+00	0.000000e+00
9.202416e+01	0.000000e+00	0.000000e+00	0.000000e+00
8.132512e+01	0.000000e+00	0.000000e+00	0.000000e+00
8.363896e+01	0.000000e+00	0.000000e+00	0.000000e+00
1.157538e+02	0.000000e+00	0.000000e+00	0.000000e+00
8.628119e+01	0.000000e+00	0.000000e+00	0.000000e+00
8.998204e+01	0.000000e+00	0.000000e+00	0.000000e+00
1.323771e+02	0.000000e+00	0.000000e+00	0.000000e+00
9.184977e+01	0.000000e+00	0.000000e+00	0.000000e+00
1.296865e+02	0.000000e+00	0.000000e+00	0.000000e+00
1.240902e+02	0.000000e+00	0.000000e+00	0.000000e+00
8.319605e+01	0.000000e+00	0.000000e+00	0.000000e+00
7.712033e+01	0.000000e+00	0.000000e+00	0.000000e+00
1.036446e+02	0.000000e+00	0.000000e+00	0.000000e+00
9.876269e+01	0.000000e+00	0.000000e+00	0.000000e+00
8.030959e+01	0.000000e+00	0.000000e+00	0.000000e+00
1.117218e+02	0.000000e+00	0.000000e+00	0.000000e+00
1.039601e+02	0.000000e+00	0.000000e+00	0.000000e+00
8.752217e+01	0.000000e+00	0.000000e+00	0.000000e+00
9.200963e+01	0.000000e+00	0.000000e+00	0.000000e+00
1.168117e+02	0.000000e+00	0.000000e+00	0.000000e+00
1.372650e+02	0.000000e+00	0.000000e+00	0.000000e+00
1.203591e+02	0.000000e+00	0.000000e+00	0.000000e+00
9.676617e+01	0.000000e+00	0.000000e+00	0.000000e+00
1.032848e+02	0.000000e+00	0.000000e+00	0.000000e+00
8.811976e+01	0.000000e+00	0.000000e+00	0.000000e+00
6.223875e+01	0.000000e+00	0.000000e+00	0.000000e+00
9.721810e+01	0.000000e+00	0.000000e+00	0.000000e+00
9.518456e+01	0.000000e+00	0.000000e+00	0.000000e+00
9.625223e+01	0.000000e+00	0.000000e+00	0.000000e+00
8.251869e+01	0.000000e+00	0.000000e+00	0.000000e+00
6.593968e+01	0.000000e+00	0.000000e+00	0.000000e+00
1.223498e+02	0.000000e+00	0.000000e+00	0.000000e+00
1.071418e+02	0.000000e+00	0.000000e+00	0.000000e+00
1.028117e+02	0.000000e+00	0.000000e+00	0.000000e+00
9.107790e+01	0.000000e+00	0.000000e+00	0.000000e+00
1.038207e+02	0.000000e+00	0.000000e+00	0.000000e+00
1.012124e+02	0.000000e+00	0.000000e+00	0.000000e+00
1.084623e+02	0.000000e+00	0.000000e+00	0.000000e+00
1.163094e+02	0.000000e+00	0.000000e+00	0.000000e+00
1.120594e+02	0.000000e+00	0.000000e+00	0.000000e+00
9.644079e+01	0.000000e+00	0.000000e+00	0.000000e+00
9.344435e+01	0.000000e+00	0.000000e+00	0.000000e+00
1.032118e+02	0.000000e+00	0.000000e+00	0.000000e+00
9.290764e+01	0.000000e+00	0.000000e+00	0.000000e+00
8.715217e+01	0.000000e+00	0.000000e+00	0.000000e+00
8.165915e+01	0.000000e+00	0.000000e+00	0.000000e+00
1.240092e+02	0.000000e+00	0.000000e+00	0.000000e+00
1.087124e+02	0.000000e+00	0.000000e+00	0.000000e+00
8.953290e+01	0.000000e+00	0.000000e+00	0.000000e+00
1.107730e+02	0.000000e+00	0.000000e+00	0.000000e+00
1.237707e+02	0.000000e+00	0.000000e+00	0.000000e+00
7.799718e+01	0.000000e+00	0.000000e+00	0.000000e+00
6.939187e+01	0.000000e+00	0.000000e+00	0.000000e+00
9.155788e+01	0.000000e+00	0.000000e+00	0.000000e+00
1.045926e+02	0.000000e+00	0.000000e+00	0.000000e+00
1.241930e+02	0.000000e+00	0.000000e+00	0.000000e+00
9.278146e+01	0.000000e+00	0.000000e+00	0.000000e+00
1.177588e+02	0.000000e+00	0.000000e+00	0.000000e+00
1.204940e+02	0.000000e+00	0.000000e+00	0.000000e+00
8.064213e+01	0.000000e+00	0.000000e+00	0.000000e+00
4.618069e+01	0.000000e+00	0.000000e+00	0.000000e+00
9.696955e+01	0.000000e+00	0.000000e+00	0.000000e+00
8.765653e+01	0.000000e+00	0.000000e+00	0.000000e+00
1.276453e+02	0.000000e+00	0.000000e+00	0.000000e+00
6.835926e+01	0.000000e+00	0.000000e+00	0.000000e+00
9.471575e+01	0.000000e+00	0.000000e+00	0.000000e+00
9.810956e+01	0.000000e+00	0.000000e+00	0.000000e+00
1.052983e+02	0.000000e+00	0.000000e+00	0.000000e+00
9.394621e+01	0.000000e+00	0.000000e+00	0.000000e+00
8.154795e+01	0.000000e+00	0.000000e+00	0.000000e+00
1.264291e+02	0.000000e+00	0.000000e+00	0.000000e+00
1.084686e+02	0.000000e+00	0.000000e+00	0.000000e+00
9.361093e+01	0.000000e+00	0.000000e+00	0.000000e+00
6.672040e+01	0.000000e+00	0.000000e+00	0.000000e+00
9.370819e+01	0.000000e+00	0.000000e+00	0.000000e+00
1.147622e+02	0.000000e+00	0.000000e+00	0.000000e+00
1.000492e+02	0.000000e+00	0.000000e+00	0.000000e+00
7.778717e+01	0.000000e+00	0.000000e+00	0.000000e+00
1.102806e+02	0.000000e+00	0.000000e+00	0.000000e+00
1.094098e+02	0.000000e+00	0.000000e+00	0.000000e+00
1.259338e+02	0.000000e+00	0.000000e+00	0.000000e+00
1.107010e+02	0.000000e+00	0.000000e+00	0.000000e+00
1.183361e+02	0.000000e+00	0.000000e+00	0.000000e+00
9.132710e+01	0.000000e+00	0.000000e+00	0.000000e+00
1.055247e+02	0.000000e+00	0.000000e+00	0.000000e+00
1.226166e+02	0.000000e+00	0.000000e+00	0.000000e+00
1.129822e+02	0.000000e+00	0.000000e+00	0.000000e+00
9.846620e+01	0.000000e+00	0.000000e+00	0.000000e+00
9.049486e+01	0.000000e+00	0.000000e+00	0.000000e+00
1.029740e+02	0.000000e+00	0.000000e+00	0.000000e+00
9.696067e+01	0.000000e+00	0.000000e+00	0.000000e+00
8.538424e+01	0.000000e+00	0.000000e+00	0.000000e+00
9.207606e+01	0.000000e+00	0.000000e+00	0.000000e+00
1.158091e+02	0.000000e+00	0.000000e+00	0.000000e+00
9.887067e+01	0.000000e+00	0.000000e+00	0.000000e+00
1.379767e+02	0.000000e+00	0.000000e+00	0.000000e+00
9.532817e+01	0.000000e+00	0.000000e+00	0.000000e+00
1.158479e+02	0.000000e+00	0.000000e+00	0.000000e+00
9.592624e+01	0.000000e+00	0.000000e+00	0.000000e+00
1.079276e+02	0.000000e+00	0.000000e+00	0.000000e+00
9.413558e+01	0.000000e+00	0.000000e+00	0.000000e+00
1.056362e+02	0.000000e+00	0.000000e+00	0.000000e+00
7.947122e+01	0.000000e+00	0.000000e+00	0.000000e+00
8.967230e+01	0.000000e+00	0.000000e+00	0.000000e+00
1.003211e+02	0.000000e+00	0.000000e+00	0.000000e+00
1.138462e+02	0.000000e+00	0.000000e+00	0.000000e+00
7.999183e+01	0.000000e+00	0.000000e+00	0.000000e+00
8.023824e+01	0.000000e+00	0.000000e+00	0.000000e+00
9.643780e+01	0.000000e+00	0.000000e+00	0.000000e+00
9.265108e+01	0.000000e+00	0.000000e+00	0.000000e+00
8.999079e+01	0.000000e+00	0.000000e+00	0.000000e+00
1.083465e+02	0.000000e+00	0.000000e+00	0.000000e+00
1.012073e+02	0.000000e+00	0.000000e+00	0.000000e+00
1.192064e+02	0.000000e+00	0.000000e+00	0.000000e+00
8.226487e+01	0.000000e+00	0.000000e+00	0.000000e+00
9.824308e+01	0.000000e+00	0.000000e+00	0.000000e+00
1.048430e+02	0.000000e+00	0.000000e+00	0.000000e+00
8.408898e+01	0.000000e+00	0.000000e+00	0.000000e+00
1.007764e+02	0.000000e+00	0.000000e+00	0.000000e+00
1.084200e+02	0.000000e+00	0.000000e+00	0.000000e+00
9.528515e+01	0.000000e+00	0.000000e+00	0.000000e+00
1.136116e+02	0.000000e+00	0.000000e+00	0.000000e+00
1.184006e+02	0.000000e+00	0.000000e+00	0.000000e+00
9.305819e+01	0.000000e+00	0.000000e+00	0.000000e+00
1.247666e+02	0.000000e+00	0.000000e+00	0.000000e+00
9.408879e+01	0.000000e+00	0.000000e+00	0.000000e+00
1.027909e+02	0.000000e+00	0.000000e+00	0.000000e+00
9.374074e+01	0.000000e+00	0.000000e+00	0.000000e+00
7.624636e+01	0.000000e+00	0.000000e+00	0.000000e+00
1.232523e+02	0.000000e+00	0.000000e+00	0.000000e+00
8.988211e+01	0.000000e+00	0.000000e+00	0.000000e+00
1.222645e+02	0.000000e+00	0.000000e+00	0.000000e+00
9.824676e+01	0.000000e+00	0.000000e+00	0.000000e+00
8.818076e+01	0.000000e+00	0.000000e+00	0.000000e+00
7.709655e+01	0.000000e+00	0.000000e+00	0.000000e+00
1.002807e+02	0.000000e+00	0.000000e+00	0.000000e+00
1.203863e+02	0.000000e+00	0.000000e+00	0.000000e+00
8.220669e+01	0.000000e+00	0.000000e+00	0.000000e+00
9.901930e+01	0.000000e+00	0.000000e+00	0.000000e+00
7.579639e+01	0.000000e+00	0.000000e+00	0.000000e+00
1.113771e+02	0.000000e+00	0.000000e+00	0.000000e+00
9.353647e+01	0.000000e+00	0.000000e+00	0.000000e+00
9.795246e+01	0.000000e+00	0.000000e+00	0.000000e+00
7.497502e+01	0.000000e+00	0.000000e+00	0.000000e+00
8.268020e+01	0.000000e+00	0.000000e+00	0.000000e+00
8.007460e+01	0.000000e+00	0.000000e+00	0.000000e+00
8.688145e+01	0.000000e+00	0.000000e+00	0.000000e+00
8.790333e+01	0.000000e+00	0.000000e+00	0.000000e+00
1.157769e+02	0.000000e+00	0.000000e+00	0.000000e+00
1.265236e+02	0.000000e+00	0.000000e+00	0.000000e+00
1.061244e+02	0.000000e+00	0.000000e+00	0.000000e+00
8.268344e+01	0.000000e+00	0.000000e+00	0.000000e+00
1.280960e+02	0.000000e+00	0.000000e+00	0.000000e+00
1.119410e+02	0.000000e+00	0.000000e+00	0.000000e+00
1.035323e+02	0.000000e+00	0.000000e+00	0.000000e+00
1.105511e+02	0.000000e+00	0.000000e+00	0.000000e+00
7.944048e+01	0.000000e+00	0.000000e+00	0.000000e+00
1.040584e+02	0.000000e+00	0.000000e+00	0.000000e+00
1.187710e+02	0.000000e+00	0.000000e+00	0.000000e+00
9.730339e+01	0.000000e+00	0.000000e+00	0.000000e+00
1.001471e+02	0.000000e+00	0.000000e+00	0.000000e+00
1.169367e+02	0.000000e+00	0.000000e+00	0.000000e+00
1.284223e+02	0.000000e+00	0.000000e+00	0.000000e+00
9.400858e+01	0.000000e+00	0.000000e+00	0.000000e+00
9.383576e+01	0.000000e+00	0.000000e+00	0.000000e+00
1.027258e+02	0.000000e+00	0.000000e+00	0.000000e+00
9.985717e+01	0.000000e+00	0.000000e+00	0.000000e+00
7.702413e+01	0.000000e+00	0.000000e+00	0.000000e+00
9.087662e+01	0.000000e+00	0.000000e+00	0.000000e+00
6.990023e+01	0.000000e+00	0.000000e+00	0.000000e+00
8.020815e+01	0.000000e+00	0.000000e+00	0.000000e+00
1.218051e+02	0.000000e+00	0.000000e+00	0.000000e+00
9.622816e+01	0.000000e+00	0.000000e+00	0.000000e+00
1.126987e+02	0.000000e+00	0.000000e+00	0.000000e+00
9.833610e+01	0.000000e+00	0.000000e+00	0.000000e+00
1.232049e+02	0.000000e+00	0.000000e+00	0.000000e+00
8.793086e+01	0.000000e+00	0.000000e+00	0.000000e+00
1.150460e+02	0.000000e+00	0.000000e+00	0.000000e+00
1.042489e+02	0.000000e+00	0.000000e+00	0.000000e+00
8.071002e+01	0.000000e+00	0.000000e+00	0.000000e+00
1.049088e+02	0.000000e+00	0.000000e+00	0.000000e+00
8.804219e+01	0.000000e+00	0.000000e+00	0.000000e+00
8.408359e+01	0.000000e+00	0.000000e+00	0.000000e+00
8.796394e+01	0.000000e+00	0.000000e+00	0.000000e+00
1.052927e+02	0.000000e+00	0.000000e+00	0.000000e+00
1.018392e+02	0.000000e+00	0.000000e+00	0.000000e+00
7.669889e+01	0.000000e+00	0.000000e+00	0.000000e+00
9.427097e+01	0.000000e+00	0.000000e+00	0.000000e+00
1.036681e+02	0.000000e+00	0.000000e+00	0.000000e+00
7.990276e+01	0.000000e+00	0.000000e+00	0.000000e+00
7.163331e+01	0.000000e+00	0.000000e+00	0.000000e+00
1.151577e+02	0.000000e+00	0.000000e+00	0.000000e+00
7.749051e+01	0.000000e+00	0.000000e+00	0.000000e+00
1.020913e+02	0.000000e+00	0.000000e+00	0.000000e+00
9.342115e+01	0.000000e+00	0.000000e+00	0.000000e+00
1.079531e+02	0.000000e+00	0.000000e+00	0.000000e+00
7.117976e+01	0.000000e+00	0.000000e+00	0.000000e+00
1.194775e+02	0.000000e+00	0.000000e+00	0.000000e+00
7.926857e+01	0.000000e+00	0.000000e+00	0.000000e+00
1.115134e+02	0.000000e+00	0.000000e+00	0.000000e+00
1.137851e+02	0.000000e+00	0.000000e+00	0.000000e+00
7.402059e+01	0.000000e+00	0.000000e+00	0.000000e+00
9.327911e+01	0.000000e+00	0.000000e+00	0.000000e+00
1.348972e+02	0.000000e+00	0.000000e+00	0.000000e+00
9.682774e+01	0.000000e+00	0.000000e+00	0.000000e+00
9.546370e+01	0.000000e+00	0.000000e+00	0.000000e+00
9.362706e+01	0.000000e+00	0.000000e+00	0.000000e+00
7.630081e+01	0.000000e+00	0.000000e+00	0.000000e+00
1.196552e+02	0.000000e+00	0.000000e+00	0.000000e+00
8.403180e+01	0.000000e+00	0.000000e+00	0.000000e+00
1.131674e+02	0.000000e+00	0.000000e+00	0.000000e+00
1.069502e+02	0.000000e+00	0.000000e+00	0.000000e+00
1.211046e+02	0.000000e+00	0.000000e+00	0.000000e+00
1.050790e+02	0.000000e+00	0.000000e+00	0.000000e+00
9.806317e+01	0.000000e+00	0.000000e+00	0.000000e+00
1.246749e+02	0.000000e+00	0.000000e+00	0.000000e+00
1.126428e+02	0.000000e+00	0.000000e+00	0.000000e+00
1.214052e+02	0.000000e+00	0.000000e+00	0.000000e+00
1.029346e+02	0.000000e+00	0.000000e+00	0.000000e+00
9.587501e+01	0.000000e+00	0.000000e+00	0.000000e+00
9.168610e+01	0.000000e+00	0.000000e+00	0.000000e+00
8.487590e+01	0.000000e+00	0.000000e+00	0.000000e+00
1.222866e+02	0.000000e+00	0.000000e+00	0.000000e+00
1.169905e+02	0.000000e+00	0.000000e+00	0.000000e+00
1.211036e+02	0.000000e+00	0.000000e+00	0.000000e+00
1.211017e+02	0.000000e+00	0.000000e+00	0.000000e+00
8.904840e+01	0.000000e+00	0.000000e+00	0.000000e+00
1.139028e+02	0.000000e+00	0.000000e+00	0.000000e+00
8.988010e+01	0.000000e+00	0.000000e+00	0.000000e+00
9.219380e+01	0.000000e+00	0.000000e+00	0.000000e+00
8.463811e+01	0.000000e+00	0.000000e+00	0.000000e+00
1.070940e+02	0.000000e+00	0.000000e+00	0.000000e+00
8.304352e+01	0.000000e+00	0.000000e+00	0.000000e+00
4.799437e+01	0.000000e+00	0.000000e+00	0.000000e+00
1.164911e+02	0.000000e+00	0.000000e+00	0.000000e+00
9.103945e+01	0.000000e+00	0.000000e+00	0.000000e+00
1.070255e+02	0.000000e+00	0.000000e+00	0.000000e+00
1.193450e+02	0.000000e+00	0.000000e+00	0.000000e+00
7.312657e+01	0.000000e+00	0.000000e+00	0.000000e+00
8.200917e+01	0.000000e+00	0.000000e+00	0.000000e+00
9.328110e+01	0.000000e+00	0.000000e+00	0.000000e+00
1.164316e+02	0.000000e+00	0.000000e+00	0.000000e+00
8.540601e+01	0.000000e+00	0.000000e+00	0.000000e+00
9.204504e+01	0.000000e+00	0.000000e+00	0.000000e+00
8.352478e+01	0.000000e+00	0.000000e+00	0.000000e+00
8.824518e+01	0.000000e+00	0.000000e+00	0.000000e+00
9.056798e+01	0.000000e+00	0.000000e+00	0.000000e+00
8.505366e+01	0.000000e+00	0.000000e+00	0.000000e+00
8.839679e+01	0.000000e+00	0.000000e+00	0.000000e+00
1.134494e+02	0.000000e+00	0.000000e+00	0.000000e+00
1.114698e+02	0.000000e+00	0.000000e+00	0.000000e+00
1.079307e+02	0.000000e+00	0.000000e+00	0.000000e+00
1.082750e+02	0.000000e+00	0.000000e+00	0.000000e+00
8.389038e+01	0.000000e+00	0.000000e+00	0.000000e+00
1.099285e+02	0.000000e+00	0.000000e+00	0.000000e+00
1.036793e+02	0.000000e+00	0.000000e+00	0.000000e+00
9.487700e+01	0.000000e+00	0.000000e+00	0.000000e+00
1.024654e+02	0.000000e+00	0.000000e+00	0.000000e+00
1.149533e+02	0.000000e+00	0.000000e+00	0.000000e+00
9.871451e+01	0.000000e+00	0.000000e+00	0.000000e+00
1.038002e+02	0.000000e+00	0.000000e+00	0.000000e+00
8.900706e+01	0.000000e+00	0.000000e+00	0.000000e+00
1.228481e+02	0.000000e+00	0.000000e+00	0.000000e+00
8.614759e+01	0.000000e+00	0.000000e+00	0.000000e+00
9.818556e+01	0.000000e+00	0.000000e+00	0.000000e+00
9.383104e+01	0.000000e+00	0.000000e+00	0.000000e+00
1.044262e+02	0.000000e+00	0.000000e+00	0.000000e+00
1.224417e+02	0.000000e+00	0.000000e+00	0.000000e+00
1.026240e+02	0.000000e+00	0.000000e+00	0.000000e+00
7.975401e+01	0.000000e+00	0.000000e+00	0.000000e+00
8.343324e+01	0.000000e+00	0.000000e+00	0.000000e+00
9.270414e+01	0.000000e+00	0.000000e+00	0.000000e+00
1.120490e+02	0.000000e+00	0.000000e+00	0.000000e+00
9.272031e+01	0.000000e+00	0.000000e+00	0.000000e+00
9.991226e+01	0.000000e+00	0.000000e+00	0.000000e+00
1.173680e+02	0.000000e+00	0.000000e+00	0.000000e+00
1.108786e+02	0.000000e+00	0.000000e+00	0.000000e+00
9.860566e+01	0.000000e+00	0.000000e+00	0.000000e+00
3.940423e+01	0.000000e+00	0.000000e+00	0.000000e+00
1.261079e+02	0.000000e+00	0.000000e+00	0.000000e+00
9.588955e+01	0.000000e+00	0.000000e+00	0.000000e+00
1.211667e+02	0.000000e+00	0.000000e+00	0.000000e+00
1.009919e+02	0.000000e+00	0.000000e+00	0.000000e+00
1.124399e+02	0.000000e+00	0.000000e+00	0.000000e+00
1.117793e+02	0.000000e+00	0.000000e+00	0.000000e+00
8.732687e+01	0.000000e+00	0.000000e+00	0.000000e+00
1.104174e+02	0.000000e+00	0.000000e+00	0.000000e+00
8.409572e+01	0.000000e+00	0.000000e+00	0.000000e+00
1.221922e+02	0.000000e+00	0.000000e+00	0.000000e+00
1.052048e+02	0.000000e+00	0.000000e+00	0.000000e+00
7.691576e+01	0.000000e+00	0.000000e+00	0.000000e+00
7.639979e+01	0.000000e+00	0.000000e+00	0.000000e+00
1.046904e+02	0.000000e+00	0.000000e+00	0.000000e+00
1.149357e+02	0.000000e+00	0.000000e+00	0.000000e+00
1.231473e+02	0.000000e+00	0.000000e+00	0.000000e+00
8.574781e+01	0.000000e+00	0.000000e+00	0.000000e+00
8.501657e+01	0.000000e+00	0.000000e+00	0.000000e+00
1.137772e+02	0.000000e+00	0.000000e+00	0.000000e+00
1.168111e+02	0.000000e+00	0.000000e+00	0.000000e+00
8.791156e+01	0.000000e+00	0.000000e+00	0.000000e+00
9.862811e+01	0.000000e+00	0.000000e+00	0.000000e+00
9.687382e+01	0.000000e+00	0.000000e+00	0.000000e+00
8.634378e+01	0.000000e+00	0.000000e+00	0.000000e+00
8.231974e+01	0.000000e+00	0.000000e+00	0.000000e+00
8.697458e+01	0.000000e+00	0.000000e+00	0.000000e+00
8.956299e+01	0.000000e+00	0.000000e+00	0.000000e+00
9.205034e+01	0.000000e+00	0.000000e+00	0.000000e+00
8.318875e+01	0.000000e+00	0.000000e+00	0.000000e+00
8.934762e+01	0.000000e+00	0.000000e+00	0.000000e+00
1.114096e+02	0.000000e+00	0.000000e+00	0.000000e+00
1.051622e+02	0.000000e+00	0.000000e+00	0.000000e+00
1.095404e+02	0.000000e+00	0.000000e+00	0.000000e+00
8.646651e+01	0.000000e+00	0.000000e+00	0.000000e+00
8.912329e+01	0.000000e+00	0.000000e+00	0.000000e+00
9.535081e+01	0.000000e+00	0.000000e+00	0.000000e+00
9.646112e+01	0.000000e+00	0.000000e+00	0.000000e+00
1.060132e+02	0.000000e+00	0.000000e+00	0.000000e+00
9.847270e+01	0.000000e+00	0.000000e+00	0.000000e+00
1.030730e+02	0.000000e+00	0.000000e+00	0.000000e+00
8.187256e+01	0.000000e+00	0.000000e+00	0.000000e+00
1.043757e+02	0.000000e+00	0.000000e+00	0.000000e+00
8.605999e+01	0.000000e+00	0.000000e+00	0.000000e+00
8.908668e+01	0.000000e+00	0.000000e+00	0.000000e+00
8.023003e+01	0.000000e+00	0.000000e+00	0.000000e+00
1.125106e+02	0.000000e+00	0.000000e+00	0.000000e+00
9.421421e+01	0.000000e+00	0.000000e+00	0.000000e+00
9.634819e+01	0.000000e+00	0.000000e+00	0.000000e+00
8.466392e+01	0.000000e+00	0.000000e+00	0.000000e+00
1.374935e+02	0.000000e+00	0.000000e+00	0.000000e+00
9.146607e+01	0.000000e+00	0.000000e+00	0.000000e+00
1.046246e+02	0.000000e+00	0.000000e+00	0.000000e+00
7.169202e+01	0.000000e+00	0.000000e+00	0.000000e+00
9.582177e+01	0.000000e+00	0.000000e+00	0.000000e+00
1.020674e+02	0.000000e+00	0.000000e+00	0.000000e+00
1.033215e+02	0.000000e+00	0.000000e+00	0.000000e+00
1.136906e+02	0.000000e+00	0.000000e+00	0.000000e+00
1.189683e+02	0.000000e+00	0.000000e+00	0.000000e+00
1.090958e+02	0.000000e+00	0.000000e+00	0.000000e+00
1.057893e+02	0.000000e+00	0.000000e+00	0.000000e+00
1.163847e+02	0.000000e+00	0.000000e+00	0.000000e+00
6.988672e+01	0.000000e+00	0.000000e+00	0.000000e+00
1.269170e+02	0.000000e+00	0.000000e+00	0.000000e+00
9.989502e+01	0.000000e+00	0.000000e+00	0.000000e+00
1.069204e+02	0.000000e+00	0.000000e+00	0.000000e+00
6.409386e+01	0.000000e+00	0.000000e+00	0.000000e+00
8.913560e+01	0.000000e+00	0.000000e+00	0.000000e+00
1.013861e+02	0.000000e+00	0.000000e+00	0.000000e+00
1.165476e+02	0.000000e+00	0.000000e+00	0.000000e+00
8.296050e+01	0.000000e+00	0.000000e+00	0.000000e+00
1.162566e+02	0.000000e+00	0.000000e+00	0.000000e+00
9.455786e+01	0.000000e+00	0.000000e+00	0.000000e+00
8.079011e+01	0.000000e+00	0.000000e+00	0.000000e+00
1.076379e+02	0.000000e+00	0.000000e+00	0.000000e+00
1.084089e+02	0.000000e+00	0.000000e+00	0.000000e+00
1.175266e+02	0.000000e+00	0.000000e+00	0.000000e+00
1.156116e+02	0.000000e+00	0.000000e+00	0.000000e+00
9.833113e+01	0.000000e+00	0.000000e+00	0.000000e+00
8.857384e+01	0.000000e+00	0.000000e+00	0.000000e+00
1.251342e+02	0.000000e+00	0.000000e+00	0.000000e+00
1.033775e+02	0.000000e+00	0.000000e+00	0.000000e+00
9.526037e+01	0.000000e+00	0.000000e+00	0.000000e+00
1.172907e+02	0.000000e+00	0.000000e+00	0.000000e+00
1.308166e+02	0.000000e+00	0.000000e+00	0.000000e+00
6.058108e+01	0.000000e+00	0.000000e+00	0.000000e+00
1.282151e+02	0.000000e+00	0.000000e+00	0.000000e+00
9.093876e+01	0.000000e+00	0.000000e+00	0.000000e+00
8.647598e+01	0.000000e+00	0.000000e+00	0.000000e+00
1.067213e+02	0.000000e+00	0.000000e+00	0.000000e+00
9.799706e+01	0.000000e+00	0.000000e+00	0.000000e+00
9.052957e+01	0.000000e+00	0.000000e+00	0.000000e+00
9.150064e+01	0.000000e+00	0.000000e+00	0.000000e+00
8.418873e+01	0.000000e+00	0.000000e+00	0.000000e+00
1.153374e+02	0.000000e+00	0.000000e+00	0.000000e+00
1.163609e+02	0.000000e+00	0.000000e+00	0.000000e+00
1.250276e+02	0.000000e+00	0.000000e+00	0.000000e+00
9.202190e+01	0.000000e+00	0.000000e+00	0.000000e+00
9.739263e+01	0.000000e+00	0.000000e+00	0.000000e+00
6.960206e+01	0.000000e+00	0.000000e+00	0.000000e+00
9.611691e+01	0.000000e+00	0.000000e+00	0.000000e+00
9.207703e+01	0.000000e+00	0.000000e+00	0.000000e+00
9.514106e+01	0.000000e+00	0.000000e+00	0.000000e+00
9.441569e+01	0.000000e+00	0.000000e+00	0.000000e+00
1.236123e+02	0.000000e+00	0.000000e+00	0.000000e+00
1.071665e+02	0.000000e+00	0.000000e+00	0.000000e+00
9.918624e+01	0.000000e+00	0.000000e+00	0.000000e+00
8.767986e+01	0.000000e+00	0.000000e+00	0.000000e+00
9.207285e+01	0.000000e+00	0.000000e+00	0.000000e+00
7.998196e+01	0.000000e+00	0.000000e+00	0.000000e+00
8.688981e+01	0.000000e+00	0.000000e+00	0.000000e+00
7.425142e+01	0.000000e+00	0.000000e+00	0.000000e+00
8.583503e+01	0.000000e+00	0.000000e+00	0.000000e+00
9.793733e+01	0.000000e+00	0.000000e+00	0.000000e+00
9.538965e+01	0.000000e+00	0.000000e+00	0.000000e+00
1.295167e+02	0.000000e+00	0.000000e+00	0.000000e+00
1.027203e+02	0.000000e+00	0.000000e+00	0.000000e+00
9.687751e+01	0.000000e+00	0.000000e+00	0.000000e+00
1.076232e+02	0.000000e+00	0.000000e+00	0.000000e+00
8.534408e+01	0.000000e+00	0.000000e+00	0.000000e+00
9.760549e+01	0.000000e+00	0.000000e+00	0.000000e+00
1.063099e+02	0.000000e+00	0.000000e+00	0.000000e+00
6.886016e+01	0.000000e+00	0.000000e+00	0.000000e+00
1.026015e+02	0.000000e+00	0.000000e+00	0.000000e+00
9.032559e+01	0.000000e+00	0.000000e+00	0.000000e+00
1.132867e+02	0.000000e+00	0.000000e+00	0.000000e+00
1.069315e+02	0.000000e+00	0.000000e+00	0.000000e+00
1.237180e+02	0.000000e+00	0.000000e+00	0.000000e+00
8.650674e+01	0.000000e+00	0.000000e+00	0.000000e+00
8.157091e+01	0.000000e+00	0.000000e+00	0.000000e+00
9.340337e+01	0.000000e+00	0.000000e+00	0.000000e+00
1.113819e+02	0.000000e+00	0.000000e+00	0.000000e+00
8.129579e+01	0.000000e+00	0.000000e+00	0.000000e+00
9.678672e+01	0.000000e+00	0.000000e+00	0.000000e+00
1.076161e+02	0.000000e+00	0.000000e+00	0.000000e+00
1.023340e+02	0.000000e+00	0.000000e+00	0.000000e+00
9.877896e+01	0.000000e+00	0.000000e+00	0.000000e+00
8.246623e+01	0.000000e+00	0.000000e+00	0.000000e+00
6.464319e+01	0.000000e+00	0.000000e+00	0.000000e+00
6.409250e+01	0.000000e+00	0.000000e+00	0.000000e+00
7.203223e+01	0.000000e+00	0.000000e+00	0.000000e+00
1.138671e+02	0.000000e+00	0.000000e+00	0.000000e+00
8.812009e+01	0.000000e+00	0.000000e+00	0.000000e+00
8.417564e+01	0.000000e+00	0.000000e+00	0.000000e+00
1.125632e+02	0.000000e+00	0.000000e+00	0.000000e+00
7.419848e+01	0.000000e+00	0.000000e+00	0.000000e+00
1.218899e+02	0.000000e+00	0.000000e+00	0.000000e+00
8.331612e+01	0.000000e+00	0.000000e+00	0.000000e+00
1.209098e+02	0.000000e+00	0.000000e+00	0.000000e+00
8.393814e+01	0.000000e+00	0.000000e+00	0.000000e+00
1.024041e+02	0.000000e+00	0.000000e+00	0.000000e+00
7.385413e+01	0.000000e+00	0.000000e+00	0.000000e+00
1.054702e+02	0.000000e+00	0.000000e+00	0.000000e+00
1.411015e+02	0.000000e+00	0.000000e+00	0.000000e+00
1.165369e+02	0.000000e+00	0.000000e+00	0.000000e+00
1.065357e+02	0.000000e+00	0.000000e+00	0.000000e+00
1.121894e+02	0.000000e+00	0.000000e+00	0.000000e+00
1.136075e+02	0.000000e+00	0.000000e+00	0.000000e+00
9.005309e+01	0.000000e+00	0.000000e+00	0.000000e+00
1.030761e+02	0.000000e+00	0.000000e+00	0.000000e+00
7.995644e+01	0.000000e+00	0.000000e+00	0.000000e+00
7.624801e+01	0.000000e+00	0.000000e+00	0.000000e+00
9.734288e+01	0.000000e+00	0.000000e+00	0.000000e+00
9.994769e+01	0.000000e+00	0.000000e+00	0.000000e+00
8.096060e+01	0.000000e+00	0.000000e+00	0.000000e+00
1.059412e+02	0.000000e+00	0.000000e+00	0.000000e+00
1.340411e+02	0.000000e+00	0.000000e+00	0.000000e+00
8.923474e+01	0.000000e+00	0.000000e+00	0.000000e+00
1.065943e+02	0.000000e+00	0.000000e+00	0.000000e+00
7.010035e+01	0.000000e+00	0.000000e+00	0.000000e+00
6.416888e+01	0.000000e+00	0.000000e+00	0.000000e+00
7.975178e+01	0.000000e+00	0.000000e+00	0.000000e+00
9.822862e+01	0.000000e+00	0.000000e+00	0.000000e+00
1.060926e+02	0.000000e+00	0.000000e+00	0.000000e+00
8.359067e+01	0.000000e+00	0.000000e+00	0.000000e+00
9.419218e+01	0.000000e+00	0.000000e+00	0.000000e+00
1.052445e+02	0.000000e+00	0.000000e+00	0.000000e+00
1.057682e+02	0.000000e+00	0.000000e+00	0.000000e+00
9.166883e+01	0.000000e+00	0.000000e+00	0.000000e+00
1.232199e+02	0.000000e+00	0.000000e+00	0.000000e+00
1.055548e+02	0.000000e+00	0.000000e+00	0.000000e+00
7.636121e+01	0.000000e+00	0.000000e+00	0.000000e+00
9.204526e+01	0.000000e+00	0.000000e+00	0.000000e+00
1.027215e+02	0.000000e+00	0.000000e+00	0.000000e+00
8.493272e+01	0.000000e+00	0.000000e+00	0.000000e+00
1.208015e+02	0.000000e+00	0.000000e+00	0.000000e+00
9.754185e+01	0.000000e+00	0.000000e+00	0.000000e+00
8.534208e+01	0.000000e+00	0.000000e+00	0.000000e+00
1.015384e+02	0.000000e+00	0.000000e+00	0.000000e+00
9.374568e+01	0.000000e+00	0.000000e+00	0.000000e+00
9.710794e+01	0.000000e+00	0.000000e+00	0.000000e+00
1.023761e+02	0.000000e+00	0.000000e+00	0.000000e+00
1.145231e+02	0.000000e+00	0.000000e+00	0.000000e+00
8.659457e+01	0.000000e+00	0.000000e+00	0.000000e+00
9.756361e+01	0.000000e+00	0.000000e+00	0.000000e+00
5.822668e+01	0.000000e+00	0.000000e+00	0.000000e+00
1.104744e+02	0.000000e+00	0.000000e+00	0.000000e+00
1.196879e+02	0.000000e+00	0.000000e+00	0.000000e+00
1.061707e+02	0.000000e+00	0.000000e+00	0.000000e+00
1.041455e+02	0.000000e+00	0.000000e+00	0.000000e+00
1.288819e+02	0.000000e+00	0.000000e+00	0.000000e+00
1.078355e+02	0.000000e+00	0.000000e+00	0.000000e+00
8.256967e+01	0.000000e+00	0.000000e+00	0.000000e+00
9.957952e+01	0.000000e+00	0.000000e+00	0.000000e+00
9.483055e+01	0.000000e+00	0.000000e+00	0.000000e+00
1.217219e+02	0.000000e+00	0.000000e+00	0.000000e+00
9.679413e+01	0.000000e+00	0.000000e+00	0.000000e+00
1.392235e+02	0.000000e+00	0.000000e+00	0.000000e+00
1.024497e+02	0.000000e+00	0.000000e+00	0.000000e+00
1.074111e+02	0.000000e+00	0.000000e+00	0.000000e+00
1.237181e+02	0.000000e+00	0.000000e+00	0.000000e+00
1.053765e+02	0.000000e+00	0.000000e+00	0.000000e+00
7.225183e+01	0.000000e+00	0.000000e+00	0.000000e+00
7.684241e+01	0.000000e+00	0.000000e+00	0.000000e+00
1.006526e+02	0.000000e+00	0.000000e+00	0.000000e+00
9.505538e+01	0.000000e+00	0.000000e+00	0.000000e+00
1.031143e+02	0.000000e+00	0.000000e+00	0.000000e+00
8.954971e+01	0.000000e+00	0.000000e+00	0.000000e+00
7.527106e+01	0.000000e+00	0.000000e+00	0.000000e+00
7.517498e+01	0.000000e+00	0.000000e+00	0.000000e+00
9.086738e+01	0.000000e+00	0.000000e+00	0.000000e+00
9.322278e+01	0.000000e+00	0.000000e+00	0.000000e+00
7.296012e+01	0.000000e+00	0.000000e+00	0.000000e+00
1.195012e+02	0.000000e+00	0.000000e+00	0.000000e+00
1.127015e+02	0.000000e+00	0.000000e+00	0.000000e+00
1.193071e+02	0.000000e+00	0.000000e+00	0.000000e+00
1.061446e+02	0.000000e+00	0.000000e+00	0.000000e+00
1.005241e+02	0.000000e+00	0.000000e+00	0.000000e+00
9.481034e+01	0.000000e+00	0.000000e+00	0.000000e+00
1.213481e+02	0.000000e+00	0.000000e+00	0.000000e+00
1.158352e+02	0.000000e+00	0.000000e+00	0.000000e+00
8.182362e+01	0.000000e+00	0.000000e+00	0.000000e+00
1.021309e+02	0.000000e+00	0.000000e+00	0.000000e+00
9.576012e+01	0.000000e+00	0.000000e+00	0.000000e+00
9.736172e+01	0.000000e+00	0.000000e+00	0.000000e+00
1.151081e+02	0.000000e+00	0.000000e+00	0.000000e+00
9.805004e+01	0.000000e+00	0.000000e+00	0.000000e+00
6.585601e+01	0.000000e+00	0.000000e+00	0.000000e+00
9.710852e+01	0.000000e+00	0.000000e+00	0.000000e+00
1.055294e+02	0.000000e+00	0.000000e+00	0.000000e+00
1.029659e+02	0.000000e+00	0.000000e+00	0.000000e+00
1.105971e+02	0.000000e+00	0.000000e+00	0.000000e+00
1.021407e+02	0.000000e+00	0.000000e+00	0.000000e+00
1.015989e+02	0.000000e+00	0.000000e+00	0.000000e+00
9.154249e+01	0.000000e+00	0.000000e+00	0.000000e+00
1.006337e+02	0.000000e+00	0.000000e+00	0.000000e+00
8.698633e+01	0.000000e+00	0.000000e+00	0.000000e+00
9.613176e+01	0.000000e+00	0.000000e+00	0.000000e+00
1.086772e+02	0.000000e+00	0.000000e+00	0.000000e+00
9.681638e+01	0.000000e+00	0.000000e+00	0.000000e+00
1.070223e+02	0.000000e+00	0.000000e+00	0.000000e+00
8.375661e+01	0.000000e+00	0.000000e+00	0.000000e+00
8.458271e+01	0.000000e+00	0.000000e+00	0.000000e+00
9.384103e+01	0.000000e+00	0.000000e+00	0.000000e+00
1.023010e+02	0.000000e+00	0.000000e+00	0.000000e+00
8.840960e+01	0.000000e+00	0.000000e+00	0.000000e+00
9.676121e+01	0.000000e+00	0.000000e+00	0.000000e+00
9.356287e+01	0.000000e+00	0.000000e+00	0.000000e+00
9.369801e+01	0.000000e+00	0.000000e+00	0.000000e+00
1.066270e+02	0.000000e+00	0.000000e+00	0.000000e+00
1.158143e+02	0.000000e+00	0.000000e+00	0.000000e+00
1.148664e+02	0.000000e+00	0.000000e+00	0.000000e+00
1.020616e+02	0.000000e+00	0.000000e+00	0.000000e+00
9.050954e+01	0.000000e+00	0.000000e+00	0.000000e+00
1.023932e+02	0.000000e+00	0.000000e+00	0.000000e+00
1.102475e+02	0.000000e+00	0.000000e+00	0.000000e+00
7.694151e+01	0.000000e+00	0.000000e+00	0.000000e+00
1.093165e+02	0.000000e+00	0.000000e+00	0.000000e+00
1.079465e+02	0.000000e+00	0.000000e+00	0.000000e+00
1.179487e+02	0.000000e+00	0.000000e+00	0.000000e+00
7.118901e+01	0.000000e+00	0.000000e+00	0.000000e+00
6.823790e+01	0.000000e+00	0.000000e+00	0.000000e+00
1.025611e+02	0.000000e+00	0.000000e+00	0.000000e+00
1.054980e+02	0.000000e+00	0.000000e+00	0.000000e+00
9.388289e+01	0.000000e+00	0.000000e+00	0.000000e+00
1.048270e+02	0.000000e+00	0.000000e+00	0.000000e+00
8.775313e+01	0.000000e+00	0.000000e+00	0.000000e+00
1.000055e+02	0.000000e+00	0.000000e+00	0.000000e+00
9.688914e+01	0.000000e+00	0.000000e+00	0.000000e+00
1.031615e+02	0.000000e+00	0.000000e+00	0.000000e+00
8.387402e+01	0.000000e+00	0.000000e+00	0.000000e+00
9.632572e+01	0.000000e+00	0.000000e+00	0.000000e+00
1.120990e+02	0.000000e+00	0.000000e+00	0.000000e+00
7.069226e+01	0.000000e+00	0.000000e+00	0.000000e+00
8.732268e+01	0.000000e+00	0.000000e+00	0.000000e+00
1.243962e+02	0.000000e+00	0.000000e+00	0.000000e+00
1.053587e+02	0.000000e+00	0.000000e+00	0.000000e+00
1.071763e+02	0.000000e+00	0.000000e+00	0.000000e+00
1.151943e+02	0.000000e+00	0.000000e+00	0.000000e+00
8.733484e+01	0.000000e+00	0.000000e+00	0.000000e+00
1.005189e+02	0.000000e+00	0.000000e+00	0.000000e+00
7.316045e+01	0.000000e+00	0.000000e+00	0.000000e+00
9.965760e+01	0.000000e+00	0.000000e+00	0.000000e+00
9.727630e+01	0.000000e+00	0.000000e+00	0.000000e+00
9.333621e+01	0.000000e+00	0.000000e+00	0.000000e+00
8.803931e+01	0.000000e+00	0.000000e+00	0.000000e+00
1.183500e+02	0.000000e+00	0.000000e+00	0.000000e+00
9.935974e+01	0.000000e+00	0.000000e+00	0.000000e+00
1.085057e+02	0.000000e+00	0.000000e+00	0.000000e+00
9.658041e+01	0.000000e+00	0.000000e+00	0.000000e+00
8.659881e+01	0.000000e+00	0.000000e+00	0.000000e+00
1.014102e+02	0.000000e+00	0.000000e+00	0.000000e+00
8.956267e+01	0.000000e+00	0.000000e+00	0.000000e+00
1.086114e+02	0.000000e+00	0.000000e+00	0.000000e+00
